iso3c,country_name,year,spar_all,spar_cap1,spar_cap2,spar_cap3,spar_cap4,spar_cap5,spar_cap6,spar_cap7,spar_cap8,spar_cap9,spar_cap10,spar_cap11,spar_cap12,spar_cap13,spar_cap14,spar_cap15,spar_inst_core
ARG,Argentina,2010,,,,,,,,,,,,,,,,,
ARG,Argentina,2011,67.0,100.0,73.0,80.0,93.0,52.0,57.0,100.0,90.0,,100.0,67.0,50.0,8.0,,,88.6
ARG,Argentina,2012,71.0,50.0,73.0,80.0,83.0,100.0,86.0,100.0,73.0,,67.0,60.0,69.0,86.0,,,68.6
ARG,Argentina,2013,75.0,50.0,73.0,80.0,83.0,100.0,86.0,100.0,90.0,27.0,100.0,60.0,69.0,62.0,,,78.6
ARG,Argentina,2014,80.0,50.0,73.0,80.0,83.0,100.0,86.0,100.0,90.0,86.0,100.0,60.0,69.0,62.0,,,78.6
ARG,Argentina,2015,84.0,67.0,73.0,80.0,100.0,100.0,86.0,100.0,90.0,83.0,100.0,80.0,69.0,62.0,,,82.0
ARG,Argentina,2016,76.0,50.0,67.0,80.0,78.0,82.0,86.0,40.0,86.0,89.0,89.0,93.0,69.0,77.0,,,74.4
ARG,Argentina,2017,70.0,50.0,57.0,70.0,49.0,55.0,57.0,40.0,96.0,97.0,78.0,93.0,85.0,85.0,,,70.2
ARG,Argentina,2018,64.0,80.0,80.0,60.0,80.0,67.0,80.0,60.0,40.0,60.0,40.0,70.0,60.0,60.0,,,60.0
ARG,Argentina,2019,61.0,67.0,70.0,80.0,80.0,67.0,80.0,60.0,27.0,53.0,40.0,50.0,60.0,60.0,,,56.8
ARG,Argentina,2020,64.0,67.0,80.0,80.0,80.0,67.0,80.0,60.0,40.0,53.0,40.0,70.0,60.0,60.0,,,61.4
ARG,Argentina,2021,65.0,50.0,40.0,80.0,72.0,70.0,50.0,60.0,67.0,67.0,60.0,80.0,80.0,80.0,60.0,60.0,59.4
ARG,Argentina,2022,67.0,70.0,53.0,80.0,72.0,80.0,50.0,47.0,67.0,60.0,67.0,73.0,80.0,80.0,60.0,60.0,67.4
ARG,Argentina,2023,64.0,70.0,53.0,80.0,72.0,80.0,40.0,40.0,67.0,53.0,60.0,67.0,80.0,80.0,60.0,60.0,66.0
ARG,Argentina,2024,59.0,70.0,53.0,30.0,76.0,80.0,40.0,27.0,67.0,53.0,60.0,73.0,60.0,80.0,60.0,60.0,56.0
ARG,Argentina,2025,65.0,70.0,60.0,40.0,76.0,80.0,40.0,67.0,67.0,53.0,60.0,80.0,80.0,80.0,60.0,60.0,70.0
ATG,Antigua and Barbuda,2010,66.0,50.0,91.0,60.0,73.0,85.0,90.0,50.0,53.0,88.0,76.0,73.0,50.0,13.0,,,66.0
ATG,Antigua and Barbuda,2011,53.0,50.0,53.0,80.0,57.0,52.0,57.0,25.0,40.0,75.0,78.0,75.0,33.0,8.0,,,60.2
ATG,Antigua and Barbuda,2012,72.0,100.0,66.0,95.0,70.0,60.0,43.0,100.0,66.0,77.0,89.0,80.0,62.0,29.0,,,83.2
ATG,Antigua and Barbuda,2013,73.0,100.0,66.0,95.0,65.0,50.0,57.0,100.0,45.0,86.0,100.0,80.0,85.0,23.0,,,81.2
ATG,Antigua and Barbuda,2014,85.0,100.0,100.0,100.0,82.0,73.0,71.0,100.0,81.0,86.0,100.0,100.0,85.0,23.0,,,96.2
ATG,Antigua and Barbuda,2015,87.0,100.0,100.0,100.0,82.0,73.0,86.0,100.0,100.0,80.0,100.0,100.0,85.0,23.0,,,100.0
ATG,Antigua and Barbuda,2016,81.0,100.0,73.0,85.0,83.0,73.0,86.0,100.0,68.0,100.0,89.0,100.0,69.0,23.0,,,83.0
ATG,Antigua and Barbuda,2017,71.0,75.0,40.0,90.0,77.0,55.0,71.0,80.0,88.0,86.0,89.0,100.0,46.0,23.0,,,76.4
ATG,Antigua and Barbuda,2018,42.0,27.0,30.0,20.0,80.0,47.0,60.0,60.0,60.0,40.0,40.0,20.0,20.0,40.0,,,35.4
ATG,Antigua and Barbuda,2019,,,,,,,,,,,,,,,,,
ATG,Antigua and Barbuda,2020,,,,,,,,,,,,,,,,,
ATG,Antigua and Barbuda,2021,52.0,40.0,40.0,40.0,64.0,80.0,50.0,60.0,60.0,40.0,33.0,73.0,60.0,80.0,20.0,40.0,42.6
ATG,Antigua and Barbuda,2022,54.0,30.0,47.0,50.0,68.0,90.0,50.0,60.0,67.0,47.0,33.0,73.0,60.0,80.0,20.0,40.0,45.4
ATG,Antigua and Barbuda,2023,56.0,30.0,47.0,60.0,60.0,80.0,60.0,60.0,67.0,33.0,73.0,73.0,60.0,80.0,20.0,40.0,55.4
ATG,Antigua and Barbuda,2024,57.0,20.0,47.0,50.0,72.0,70.0,60.0,60.0,67.0,53.0,73.0,60.0,80.0,80.0,20.0,40.0,51.4
BHS,Bahamas,2010,59.0,50.0,100.0,100.0,95.0,73.0,90.0,,88.0,78.0,15.0,53.0,21.0,6.0,,,70.6
BHS,Bahamas,2011,57.0,75.0,90.0,90.0,71.0,75.0,86.0,25.0,70.0,80.0,,42.0,8.0,25.0,,,81.25
BHS,Bahamas,2012,,,,,,,,,,,,,,,,,
BHS,Bahamas,2013,,,,,,,,,,,,,,,,,
BHS,Bahamas,2014,61.0,75.0,83.0,100.0,70.0,41.0,86.0,40.0,96.0,74.0,44.0,47.0,38.0,,,,79.6
BHS,Bahamas,2015,58.0,67.0,83.0,100.0,70.0,,71.0,40.0,96.0,75.0,67.0,27.0,54.0,8.0,,,82.6
BHS,Bahamas,2016,75.0,75.0,83.0,100.0,76.0,62.0,100.0,40.0,96.0,78.0,56.0,87.0,69.0,54.0,,,82.0
BHS,Bahamas,2017,,,,,,,,,,,,,,,,,
BHS,Bahamas,2018,50.0,60.0,80.0,0.0,80.0,73.0,40.0,60.0,73.0,40.0,60.0,40.0,20.0,20.0,,,54.6
BHS,Bahamas,2019,62.0,67.0,80.0,80.0,80.0,80.0,80.0,60.0,73.0,40.0,60.0,40.0,40.0,20.0,,,72.0
BHS,Bahamas,2020,65.0,60.0,80.0,80.0,80.0,87.0,60.0,80.0,73.0,40.0,80.0,60.0,40.0,20.0,,,74.6
BHS,Bahamas,2021,55.0,30.0,80.0,50.0,64.0,70.0,50.0,80.0,47.0,53.0,47.0,93.0,60.0,60.0,20.0,20.0,50.8
BHS,Bahamas,2022,56.0,20.0,80.0,50.0,84.0,90.0,50.0,73.0,73.0,20.0,60.0,80.0,20.0,80.0,40.0,20.0,56.6
BHS,Bahamas,2023,60.0,30.0,80.0,50.0,84.0,90.0,50.0,80.0,73.0,33.0,67.0,80.0,20.0,80.0,40.0,40.0,60.0
BHS,Bahamas,2024,60.0,40.0,73.0,50.0,76.0,80.0,60.0,67.0,73.0,33.0,80.0,73.0,40.0,80.0,40.0,40.0,63.2
BLZ,Belize,2010,32.0,25.0,40.0,60.0,68.0,7.0,20.0,,56.0,15.0,76.0,46.0,,,,,51.4
BLZ,Belize,2011,47.0,25.0,46.0,65.0,78.0,20.0,57.0,25.0,70.0,54.0,78.0,83.0,8.0,,,,56.8
BLZ,Belize,2012,49.0,25.0,36.0,85.0,76.0,10.0,71.0,40.0,77.0,58.0,78.0,67.0,8.0,,,,60.2
BLZ,Belize,2013,43.0,25.0,56.0,85.0,82.0,26.0,57.0,40.0,73.0,12.0,67.0,27.0,15.0,,,,61.2
BLZ,Belize,2014,,,,,,,,,,,,,,,,,
BLZ,Belize,2015,56.0,33.0,63.0,75.0,88.0,52.0,57.0,40.0,45.0,83.0,89.0,53.0,38.0,8.0,,,61.0
BLZ,Belize,2016,,,,,,,,,,,,,,,,,
BLZ,Belize,2017,,,,,,,,,,,,,,,,,
BLZ,Belize,2018,33.0,20.0,20.0,20.0,40.0,67.0,30.0,40.0,67.0,47.0,60.0,20.0,0.0,0.0,,,37.4
BLZ,Belize,2019,,,,,,,,,,,,,,,,,
BLZ,Belize,2020,48.0,47.0,50.0,40.0,80.0,73.0,40.0,40.0,80.0,47.0,20.0,70.0,20.0,20.0,,,47.4
BLZ,Belize,2021,46.0,20.0,33.0,30.0,40.0,70.0,30.0,80.0,40.0,60.0,27.0,80.0,40.0,80.0,20.0,40.0,30.0
BLZ,Belize,2022,46.0,20.0,33.0,40.0,52.0,60.0,30.0,73.0,40.0,80.0,20.0,60.0,20.0,80.0,40.0,40.0,30.6
BLZ,Belize,2023,54.0,40.0,60.0,40.0,40.0,30.0,40.0,80.0,47.0,87.0,27.0,80.0,80.0,80.0,40.0,40.0,42.8
BLZ,Belize,2024,55.0,40.0,53.0,40.0,48.0,70.0,40.0,80.0,47.0,53.0,47.0,67.0,80.0,80.0,40.0,40.0,45.4
BOL,Bolivia (Plurinational State of),2010,,,,,,,,,,,,,,,,,
BOL,Bolivia (Plurinational State of),2011,35.0,50.0,46.0,60.0,29.0,55.0,43.0,,10.0,,56.0,42.0,8.0,58.0,,,44.4
BOL,Bolivia (Plurinational State of),2012,57.0,50.0,56.0,75.0,83.0,60.0,43.0,,86.0,51.0,78.0,60.0,31.0,71.0,,,69.0
BOL,Bolivia (Plurinational State of),2013,64.0,100.0,87.0,85.0,65.0,41.0,71.0,40.0,96.0,21.0,89.0,53.0,15.0,69.0,,,91.4
BOL,Bolivia (Plurinational State of),2014,61.0,100.0,90.0,80.0,76.0,60.0,43.0,20.0,71.0,31.0,78.0,53.0,15.0,77.0,,,83.8
BOL,Bolivia (Plurinational State of),2015,67.0,100.0,90.0,75.0,76.0,53.0,57.0,40.0,92.0,33.0,89.0,67.0,23.0,77.0,,,89.2
BOL,Bolivia (Plurinational State of),2016,77.0,100.0,90.0,90.0,82.0,73.0,57.0,80.0,96.0,24.0,100.0,87.0,23.0,100.0,,,95.2
BOL,Bolivia (Plurinational State of),2017,76.0,100.0,63.0,100.0,81.0,80.0,43.0,40.0,90.0,88.0,100.0,100.0,15.0,92.0,,,90.6
BOL,Bolivia (Plurinational State of),2018,,,,,,,,,,,,,,,,,
BOL,Bolivia (Plurinational State of),2019,,,,,,,,,,,,,,,,,
BOL,Bolivia (Plurinational State of),2020,58.0,87.0,50.0,80.0,20.0,73.0,60.0,80.0,80.0,40.0,40.0,40.0,80.0,20.0,,,67.4
BOL,Bolivia (Plurinational State of),2021,56.0,20.0,47.0,60.0,52.0,80.0,50.0,87.0,80.0,47.0,73.0,40.0,80.0,20.0,40.0,60.0,56.0
BOL,Bolivia (Plurinational State of),2022,70.0,40.0,60.0,70.0,88.0,80.0,70.0,80.0,87.0,40.0,60.0,53.0,80.0,80.0,80.0,80.0,63.4
BOL,Bolivia (Plurinational State of),2023,48.0,30.0,53.0,70.0,52.0,60.0,30.0,73.0,80.0,40.0,53.0,53.0,40.0,20.0,40.0,20.0,57.2
BOL,Bolivia (Plurinational State of),2024,46.0,50.0,73.0,50.0,48.0,60.0,40.0,47.0,80.0,33.0,33.0,60.0,40.0,20.0,40.0,20.0,57.2
BOL,Bolivia (Plurinational State of),2025,30.0,50.0,40.0,30.0,40.0,40.0,20.0,20.0,40.0,27.0,27.0,20.0,40.0,20.0,20.0,20.0,50.0
BRA,Brazil,2010,53.0,75.0,75.0,67.0,79.0,14.0,20.0,66.0,65.0,15.0,84.0,66.0,42.0,20.0,,,73.2
BRA,Brazil,2011,81.0,100.0,90.0,90.0,93.0,100.0,100.0,100.0,100.0,,,92.0,100.0,92.0,,,95.0
BRA,Brazil,2012,,,,,,,,,,,,,,,,,
BRA,Brazil,2013,89.0,100.0,90.0,90.0,100.0,90.0,100.0,80.0,96.0,80.0,89.0,93.0,62.0,92.0,,,93.0
BRA,Brazil,2014,96.0,100.0,100.0,100.0,100.0,100.0,100.0,100.0,96.0,80.0,100.0,100.0,85.0,92.0,,,99.2
BRA,Brazil,2015,97.0,100.0,100.0,100.0,100.0,100.0,100.0,100.0,96.0,67.0,100.0,100.0,92.0,100.0,,,99.2
BRA,Brazil,2016,97.0,100.0,100.0,100.0,100.0,100.0,100.0,100.0,96.0,67.0,100.0,100.0,100.0,100.0,,,99.2
BRA,Brazil,2017,96.0,100.0,90.0,90.0,100.0,100.0,100.0,100.0,92.0,97.0,89.0,100.0,92.0,100.0,,,92.2
BRA,Brazil,2018,87.0,93.0,100.0,80.0,80.0,100.0,100.0,100.0,87.0,47.0,80.0,60.0,100.0,100.0,,,88.0
BRA,Brazil,2019,87.0,100.0,100.0,100.0,80.0,100.0,100.0,100.0,73.0,40.0,80.0,60.0,100.0,100.0,,,90.6
BRA,Brazil,2020,92.0,100.0,100.0,100.0,100.0,100.0,100.0,100.0,93.0,67.0,80.0,60.0,100.0,100.0,,,94.6
BRA,Brazil,2021,87.0,90.0,87.0,80.0,96.0,100.0,90.0,80.0,80.0,80.0,80.0,67.0,80.0,100.0,100.0,100.0,83.4
BRA,Brazil,2022,69.0,50.0,80.0,80.0,80.0,80.0,50.0,87.0,47.0,80.0,80.0,67.0,20.0,100.0,60.0,80.0,67.4
BRA,Brazil,2023,75.0,50.0,80.0,80.0,72.0,80.0,70.0,87.0,67.0,80.0,100.0,73.0,20.0,80.0,100.0,80.0,75.4
BRA,Brazil,2024,65.0,50.0,53.0,60.0,68.0,80.0,70.0,80.0,53.0,80.0,60.0,67.0,40.0,40.0,100.0,80.0,55.2
BRA,Brazil,2025,70.0,60.0,60.0,60.0,72.0,80.0,70.0,80.0,80.0,80.0,60.0,73.0,60.0,40.0,100.0,80.0,60.0
BRB,Barbados,2010,60.0,75.0,81.0,52.0,62.0,33.0,70.0,33.0,81.0,67.0,61.0,86.0,64.0,20.0,,,70.0
BRB,Barbados,2011,73.0,50.0,53.0,90.0,93.0,65.0,100.0,75.0,90.0,89.0,100.0,67.0,75.0,,,,76.6
BRB,Barbados,2012,69.0,50.0,40.0,95.0,66.0,40.0,86.0,80.0,96.0,97.0,100.0,93.0,54.0,,,,76.2
BRB,Barbados,2013,78.0,100.0,53.0,100.0,89.0,90.0,86.0,60.0,96.0,100.0,100.0,73.0,54.0,15.0,,,89.8
BRB,Barbados,2014,71.0,75.0,53.0,70.0,82.0,70.0,71.0,80.0,86.0,97.0,89.0,60.0,46.0,38.0,,,74.6
BRB,Barbados,2015,90.0,100.0,90.0,95.0,82.0,100.0,100.0,80.0,96.0,100.0,100.0,80.0,77.0,69.0,,,96.2
BRB,Barbados,2016,84.0,75.0,63.0,100.0,76.0,70.0,100.0,80.0,96.0,100.0,100.0,80.0,77.0,69.0,,,86.8
BRB,Barbados,2017,92.0,100.0,100.0,95.0,94.0,100.0,100.0,80.0,92.0,100.0,100.0,73.0,85.0,77.0,,,97.4
BRB,Barbados,2018,,,,,,,,,,,,,,,,,
BRB,Barbados,2019,,,,,,,,,,,,,,,,,
BRB,Barbados,2020,56.0,40.0,40.0,40.0,80.0,73.0,80.0,40.0,80.0,60.0,60.0,50.0,40.0,40.0,,,52.0
BRB,Barbados,2021,,,,,,,,,,,,,,,,,
BRB,Barbados,2022,70.0,70.0,80.0,70.0,52.0,100.0,70.0,80.0,87.0,67.0,73.0,80.0,60.0,80.0,40.0,40.0,76.0
BRB,Barbados,2023,69.0,70.0,80.0,70.0,52.0,100.0,70.0,73.0,87.0,67.0,73.0,80.0,60.0,80.0,40.0,40.0,76.0
BRB,Barbados,2024,67.0,60.0,80.0,70.0,52.0,80.0,60.0,80.0,80.0,67.0,73.0,80.0,60.0,80.0,40.0,40.0,72.6
CAN,Canada,2010,71.0,50.0,83.0,47.0,48.0,78.0,20.0,100.0,70.0,100.0,23.0,100.0,100.0,100.0,,,54.6
CAN,Canada,2011,95.0,100.0,83.0,100.0,100.0,87.0,86.0,100.0,90.0,95.0,100.0,100.0,100.0,100.0,,,94.6
CAN,Canada,2012,98.0,100.0,83.0,100.0,100.0,100.0,100.0,100.0,100.0,94.0,100.0,100.0,100.0,100.0,,,96.6
CAN,Canada,2013,99.0,100.0,83.0,100.0,100.0,100.0,100.0,100.0,100.0,100.0,100.0,100.0,100.0,100.0,,,96.6
CAN,Canada,2014,100.0,100.0,100.0,95.0,100.0,100.0,100.0,100.0,100.0,100.0,100.0,100.0,100.0,100.0,,,99.0
CAN,Canada,2015,99.0,100.0,100.0,95.0,100.0,100.0,100.0,100.0,100.0,100.0,100.0,93.0,100.0,100.0,,,99.0
CAN,Canada,2016,100.0,100.0,100.0,100.0,100.0,100.0,100.0,100.0,100.0,100.0,100.0,100.0,100.0,100.0,,,100.0
CAN,Canada,2017,100.0,100.0,100.0,100.0,100.0,100.0,100.0,100.0,100.0,100.0,100.0,100.0,100.0,100.0,,,100.0
CAN,Canada,2018,99.0,93.0,100.0,100.0,100.0,100.0,100.0,100.0,100.0,100.0,100.0,100.0,100.0,100.0,,,98.6
CAN,Canada,2019,99.0,93.0,100.0,100.0,100.0,100.0,100.0,100.0,100.0,100.0,100.0,100.0,100.0,100.0,,,98.6
CAN,Canada,2020,100.0,100.0,100.0,100.0,100.0,100.0,100.0,100.0,100.0,100.0,100.0,100.0,100.0,100.0,,,100.0
CAN,Canada,2021,97.0,60.0,100.0,100.0,100.0,100.0,90.0,100.0,100.0,100.0,100.0,100.0,100.0,100.0,100.0,100.0,92.0
CAN,Canada,2022,96.0,70.0,100.0,100.0,100.0,100.0,80.0,93.0,100.0,100.0,100.0,100.0,100.0,100.0,100.0,100.0,94.0
CAN,Canada,2023,96.0,70.0,100.0,100.0,100.0,100.0,80.0,93.0,100.0,100.0,100.0,100.0,100.0,100.0,100.0,100.0,94.0
CAN,Canada,2024,96.0,70.0,100.0,100.0,100.0,100.0,80.0,93.0,100.0,100.0,100.0,93.0,100.0,100.0,100.0,100.0,94.0
CHL,Chile,2010,,,,,,,,,,,,,,,,,
CHL,Chile,2011,87.0,100.0,56.0,90.0,93.0,100.0,100.0,100.0,90.0,46.0,100.0,100.0,67.0,83.0,,,87.2
CHL,Chile,2012,66.0,50.0,46.0,85.0,94.0,70.0,57.0,20.0,67.0,87.0,89.0,93.0,23.0,79.0,,,67.4
CHL,Chile,2013,73.0,75.0,100.0,90.0,89.0,100.0,43.0,20.0,86.0,46.0,89.0,93.0,31.0,92.0,,,88.0
CHL,Chile,2014,72.0,75.0,83.0,95.0,94.0,61.0,71.0,60.0,86.0,35.0,100.0,93.0,23.0,62.0,,,87.8
CHL,Chile,2015,74.0,67.0,83.0,90.0,94.0,62.0,100.0,40.0,66.0,41.0,100.0,93.0,54.0,77.0,,,81.2
CHL,Chile,2016,79.0,100.0,100.0,90.0,89.0,42.0,71.0,60.0,66.0,91.0,100.0,100.0,46.0,77.0,,,91.2
CHL,Chile,2017,84.0,100.0,100.0,90.0,100.0,90.0,71.0,60.0,70.0,83.0,100.0,100.0,54.0,69.0,,,92.0
CHL,Chile,2018,74.0,73.0,80.0,100.0,100.0,80.0,80.0,60.0,73.0,47.0,20.0,70.0,100.0,80.0,,,69.2
CHL,Chile,2019,76.0,80.0,80.0,80.0,100.0,80.0,80.0,60.0,73.0,67.0,60.0,70.0,80.0,80.0,,,74.6
CHL,Chile,2020,76.0,80.0,80.0,80.0,100.0,80.0,80.0,60.0,67.0,67.0,60.0,80.0,80.0,80.0,,,73.4
CHL,Chile,2021,73.0,50.0,80.0,80.0,80.0,80.0,50.0,80.0,80.0,80.0,40.0,80.0,80.0,80.0,80.0,80.0,66.0
CHL,Chile,2022,78.0,60.0,80.0,80.0,80.0,80.0,100.0,87.0,80.0,100.0,87.0,80.0,60.0,40.0,80.0,80.0,77.4
CHL,Chile,2023,83.0,70.0,100.0,50.0,80.0,100.0,100.0,87.0,80.0,100.0,80.0,80.0,60.0,80.0,80.0,100.0,76.0
CHL,Chile,2024,79.0,70.0,93.0,40.0,88.0,90.0,90.0,100.0,73.0,93.0,80.0,93.0,60.0,40.0,80.0,100.0,71.2
CHL,Chile,2025,76.0,60.0,80.0,40.0,88.0,80.0,80.0,87.0,93.0,93.0,73.0,67.0,60.0,60.0,80.0,100.0,60.0
COL,Colombia,2010,78.0,100.0,100.0,84.0,58.0,53.0,100.0,50.0,63.0,71.0,100.0,93.0,85.0,53.0,,,89.4
COL,Colombia,2011,48.0,100.0,53.0,50.0,43.0,42.0,71.0,,70.0,,78.0,75.0,42.0,,,,70.2
COL,Colombia,2012,70.0,100.0,73.0,70.0,65.0,50.0,86.0,80.0,90.0,97.0,33.0,80.0,62.0,21.0,,,73.2
COL,Colombia,2013,74.0,100.0,63.0,50.0,76.0,33.0,100.0,80.0,76.0,83.0,89.0,67.0,77.0,69.0,,,75.6
COL,Colombia,2014,75.0,100.0,63.0,50.0,94.0,33.0,100.0,80.0,76.0,91.0,78.0,67.0,69.0,69.0,,,73.4
COL,Colombia,2015,85.0,100.0,90.0,85.0,81.0,100.0,100.0,60.0,80.0,91.0,89.0,80.0,77.0,77.0,,,88.8
COL,Colombia,2016,89.0,100.0,100.0,95.0,88.0,100.0,100.0,60.0,80.0,97.0,89.0,87.0,85.0,77.0,,,92.8
COL,Colombia,2017,88.0,100.0,100.0,95.0,81.0,100.0,100.0,60.0,80.0,92.0,89.0,80.0,85.0,85.0,,,92.8
COL,Colombia,2018,66.0,80.0,70.0,80.0,80.0,73.0,60.0,60.0,73.0,47.0,60.0,80.0,60.0,40.0,,,72.6
COL,Colombia,2019,69.0,80.0,70.0,80.0,80.0,67.0,60.0,60.0,67.0,67.0,40.0,100.0,60.0,60.0,,,67.4
COL,Colombia,2020,75.0,73.0,70.0,80.0,80.0,80.0,70.0,60.0,67.0,73.0,80.0,100.0,60.0,80.0,,,74.0
COL,Colombia,2021,69.0,60.0,80.0,50.0,84.0,80.0,40.0,73.0,93.0,67.0,33.0,93.0,80.0,80.0,60.0,60.0,63.2
COL,Colombia,2022,73.0,60.0,80.0,50.0,84.0,100.0,40.0,73.0,87.0,73.0,53.0,93.0,80.0,80.0,80.0,60.0,66.0
COL,Colombia,2023,66.0,60.0,73.0,60.0,68.0,100.0,40.0,60.0,53.0,67.0,47.0,100.0,60.0,80.0,60.0,60.0,58.6
COL,Colombia,2024,68.0,60.0,73.0,70.0,68.0,100.0,40.0,60.0,60.0,73.0,53.0,100.0,60.0,80.0,60.0,60.0,63.2
COL,Colombia,2025,71.0,60.0,80.0,70.0,68.0,100.0,60.0,60.0,67.0,80.0,73.0,100.0,60.0,80.0,60.0,40.0,60.0
CRI,Costa Rica,2010,77.0,100.0,100.0,80.0,67.0,53.0,80.0,100.0,94.0,63.0,69.0,100.0,71.0,26.0,,,88.6
CRI,Costa Rica,2011,69.0,100.0,100.0,70.0,78.0,40.0,86.0,75.0,70.0,36.0,78.0,67.0,25.0,75.0,,,83.6
CRI,Costa Rica,2012,82.0,100.0,100.0,95.0,94.0,60.0,86.0,100.0,80.0,91.0,100.0,100.0,38.0,21.0,,,95.0
CRI,Costa Rica,2013,89.0,100.0,100.0,95.0,100.0,71.0,100.0,80.0,76.0,97.0,100.0,100.0,77.0,62.0,,,94.2
CRI,Costa Rica,2014,89.0,100.0,100.0,95.0,100.0,71.0,100.0,80.0,76.0,97.0,100.0,100.0,77.0,62.0,,,94.2
CRI,Costa Rica,2015,83.0,100.0,100.0,100.0,69.0,72.0,100.0,80.0,86.0,66.0,100.0,100.0,46.0,54.0,,,97.2
CRI,Costa Rica,2016,86.0,100.0,100.0,100.0,100.0,72.0,100.0,80.0,90.0,97.0,100.0,100.0,38.0,46.0,,,98.0
CRI,Costa Rica,2017,87.0,75.0,100.0,95.0,83.0,82.0,100.0,80.0,76.0,88.0,100.0,100.0,77.0,77.0,,,89.2
CRI,Costa Rica,2018,70.0,93.0,70.0,60.0,80.0,93.0,70.0,80.0,27.0,73.0,80.0,60.0,100.0,20.0,,,66.0
CRI,Costa Rica,2019,77.0,93.0,90.0,80.0,80.0,93.0,70.0,80.0,67.0,73.0,80.0,60.0,80.0,60.0,,,82.0
CRI,Costa Rica,2020,77.0,93.0,80.0,80.0,80.0,93.0,70.0,80.0,67.0,73.0,80.0,60.0,80.0,60.0,,,80.0
CRI,Costa Rica,2021,67.0,20.0,80.0,50.0,88.0,80.0,80.0,67.0,67.0,53.0,67.0,67.0,80.0,80.0,60.0,60.0,56.8
CRI,Costa Rica,2022,65.0,20.0,60.0,60.0,80.0,80.0,70.0,53.0,80.0,60.0,60.0,67.0,80.0,80.0,80.0,40.0,56.0
CRI,Costa Rica,2023,65.0,20.0,60.0,70.0,80.0,80.0,70.0,60.0,80.0,60.0,60.0,60.0,80.0,80.0,80.0,40.0,58.0
CRI,Costa Rica,2024,66.0,30.0,60.0,70.0,84.0,80.0,70.0,73.0,80.0,40.0,60.0,60.0,80.0,80.0,60.0,60.0,60.0
CRI,Costa Rica,2025,59.0,30.0,27.0,40.0,80.0,80.0,40.0,73.0,80.0,47.0,53.0,53.0,80.0,80.0,60.0,60.0,30.0
CUB,Cuba,2010,,,,,,,,,,,,,,,,,
CUB,Cuba,2011,92.0,100.0,100.0,100.0,100.0,87.0,100.0,100.0,90.0,23.0,100.0,100.0,100.0,92.0,,,98.0
CUB,Cuba,2012,99.0,100.0,100.0,100.0,100.0,100.0,100.0,100.0,96.0,97.0,100.0,100.0,100.0,93.0,,,99.2
CUB,Cuba,2013,99.0,100.0,100.0,95.0,100.0,100.0,100.0,100.0,100.0,100.0,100.0,100.0,92.0,100.0,,,99.0
CUB,Cuba,2014,96.0,100.0,100.0,100.0,100.0,100.0,100.0,100.0,86.0,83.0,100.0,100.0,85.0,100.0,,,97.2
CUB,Cuba,2015,99.0,100.0,100.0,100.0,100.0,100.0,100.0,100.0,100.0,86.0,100.0,100.0,100.0,100.0,,,100.0
CUB,Cuba,2016,99.0,100.0,100.0,100.0,100.0,100.0,100.0,100.0,90.0,100.0,100.0,100.0,100.0,92.0,,,98.0
CUB,Cuba,2017,99.0,100.0,100.0,100.0,100.0,100.0,100.0,100.0,100.0,85.0,100.0,100.0,100.0,100.0,,,100.0
CUB,Cuba,2018,100.0,100.0,100.0,100.0,100.0,100.0,100.0,100.0,100.0,100.0,100.0,100.0,100.0,100.0,,,100.0
CUB,Cuba,2019,78.0,53.0,20.0,60.0,100.0,100.0,80.0,80.0,100.0,100.0,100.0,100.0,60.0,60.0,,,66.6
CUB,Cuba,2020,,,,,,,,,,,,,,,,,
CUB,Cuba,2021,95.0,70.0,100.0,100.0,100.0,100.0,100.0,100.0,100.0,100.0,100.0,100.0,100.0,100.0,100.0,60.0,94.0
CUB,Cuba,2022,99.0,100.0,100.0,90.0,100.0,100.0,100.0,100.0,100.0,100.0,100.0,100.0,100.0,100.0,100.0,100.0,98.0
CUB,Cuba,2023,96.0,100.0,93.0,100.0,88.0,100.0,100.0,100.0,100.0,93.0,100.0,100.0,100.0,100.0,100.0,60.0,98.6
CUB,Cuba,2024,90.0,100.0,93.0,80.0,84.0,100.0,90.0,93.0,93.0,80.0,87.0,93.0,100.0,100.0,100.0,60.0,90.6
CUB,Cuba,2025,94.0,80.0,100.0,80.0,88.0,100.0,100.0,100.0,100.0,100.0,100.0,100.0,100.0,100.0,100.0,60.0,80.0
DMA,Dominica,2010,43.0,50.0,91.0,32.0,78.0,46.0,60.0,33.0,5.0,56.0,76.0,20.0,14.0,,,,50.8
DMA,Dominica,2011,57.0,50.0,80.0,95.0,78.0,65.0,57.0,75.0,40.0,36.0,100.0,50.0,8.0,8.0,,,73.0
DMA,Dominica,2012,57.0,75.0,100.0,85.0,65.0,50.0,29.0,,71.0,87.0,78.0,73.0,31.0,,,,81.8
DMA,Dominica,2013,69.0,75.0,100.0,72.0,83.0,62.0,100.0,25.0,37.0,75.0,100.0,86.0,46.0,31.0,,,76.8
DMA,Dominica,2014,69.0,75.0,100.0,90.0,83.0,60.0,100.0,20.0,73.0,64.0,89.0,87.0,31.0,23.0,,,85.4
DMA,Dominica,2015,64.0,67.0,100.0,80.0,78.0,60.0,100.0,40.0,43.0,30.0,100.0,100.0,15.0,15.0,,,78.0
DMA,Dominica,2016,62.0,50.0,100.0,80.0,78.0,60.0,100.0,40.0,43.0,30.0,100.0,100.0,15.0,15.0,,,74.6
DMA,Dominica,2017,62.0,50.0,100.0,65.0,83.0,60.0,100.0,40.0,58.0,30.0,100.0,100.0,8.0,8.0,,,74.6
DMA,Dominica,2018,70.0,80.0,90.0,80.0,100.0,73.0,60.0,60.0,80.0,60.0,80.0,90.0,20.0,40.0,,,82.0
DMA,Dominica,2019,71.0,80.0,90.0,80.0,100.0,73.0,60.0,60.0,80.0,67.0,80.0,90.0,20.0,40.0,,,82.0
DMA,Dominica,2020,,,,,,,,,,,,,,,,,
DMA,Dominica,2021,63.0,40.0,73.0,50.0,76.0,60.0,60.0,80.0,80.0,60.0,67.0,80.0,80.0,80.0,40.0,20.0,62.0
DMA,Dominica,2022,61.0,40.0,73.0,50.0,60.0,30.0,60.0,80.0,80.0,60.0,67.0,80.0,80.0,80.0,40.0,40.0,62.0
DMA,Dominica,2023,61.0,40.0,73.0,50.0,60.0,30.0,60.0,80.0,80.0,53.0,67.0,80.0,80.0,80.0,40.0,40.0,62.0
DMA,Dominica,2024,71.0,40.0,80.0,50.0,64.0,90.0,70.0,100.0,80.0,60.0,80.0,87.0,100.0,80.0,40.0,40.0,66.0
DOM,Dominican Republic,2010,52.0,50.0,100.0,57.0,42.0,14.0,40.0,100.0,92.0,45.0,30.0,40.0,14.0,53.0,,,65.8
DOM,Dominican Republic,2011,,,,,,,,,,,,,,,,,
DOM,Dominican Republic,2012,54.0,75.0,90.0,80.0,48.0,70.0,86.0,40.0,39.0,21.0,44.0,27.0,23.0,57.0,,,65.6
DOM,Dominican Republic,2013,72.0,75.0,90.0,75.0,76.0,81.0,100.0,100.0,90.0,64.0,56.0,27.0,31.0,69.0,,,77.2
DOM,Dominican Republic,2014,73.0,75.0,90.0,85.0,76.0,81.0,100.0,100.0,90.0,64.0,56.0,27.0,31.0,69.0,,,79.2
DOM,Dominican Republic,2015,72.0,100.0,90.0,75.0,58.0,82.0,71.0,40.0,80.0,83.0,100.0,47.0,38.0,77.0,,,89.0
DOM,Dominican Republic,2016,71.0,75.0,90.0,75.0,58.0,82.0,71.0,40.0,80.0,89.0,100.0,47.0,38.0,77.0,,,84.0
DOM,Dominican Republic,2017,55.0,75.0,47.0,90.0,45.0,55.0,100.0,40.0,62.0,63.0,22.0,53.0,,62.0,,,59.2
DOM,Dominican Republic,2018,48.0,40.0,40.0,20.0,20.0,53.0,60.0,40.0,53.0,33.0,100.0,40.0,40.0,80.0,,,50.6
DOM,Dominican Republic,2019,55.0,47.0,60.0,40.0,40.0,53.0,70.0,40.0,67.0,27.0,100.0,50.0,40.0,80.0,,,62.8
DOM,Dominican Republic,2020,60.0,47.0,60.0,60.0,80.0,53.0,80.0,40.0,60.0,40.0,80.0,60.0,40.0,80.0,,,61.4
DOM,Dominican Republic,2021,65.0,50.0,73.0,40.0,60.0,90.0,60.0,60.0,80.0,40.0,73.0,53.0,80.0,80.0,100.0,40.0,63.2
DOM,Dominican Republic,2022,62.0,50.0,73.0,40.0,60.0,90.0,60.0,60.0,80.0,40.0,73.0,27.0,80.0,80.0,80.0,40.0,63.2
DOM,Dominican Republic,2023,52.0,40.0,47.0,60.0,56.0,90.0,20.0,73.0,80.0,47.0,53.0,27.0,40.0,60.0,20.0,60.0,56.0
DOM,Dominican Republic,2024,60.0,60.0,60.0,50.0,44.0,90.0,30.0,73.0,87.0,60.0,80.0,53.0,60.0,60.0,60.0,40.0,67.4
DOM,Dominican Republic,2025,66.0,70.0,60.0,70.0,60.0,80.0,40.0,80.0,87.0,60.0,80.0,67.0,60.0,60.0,80.0,40.0,70.0
ECU,Ecuador,2010,41.0,,66.0,43.0,41.0,32.0,80.0,50.0,16.0,7.0,46.0,46.0,28.0,73.0,,,42.75
ECU,Ecuador,2011,52.0,50.0,63.0,70.0,71.0,30.0,29.0,50.0,60.0,25.0,89.0,17.0,50.0,67.0,,,66.4
ECU,Ecuador,2012,40.0,,56.0,35.0,47.0,20.0,43.0,20.0,35.0,45.0,56.0,60.0,38.0,71.0,,,45.5
ECU,Ecuador,2013,44.0,25.0,56.0,60.0,23.0,18.0,14.0,40.0,41.0,59.0,78.0,53.0,15.0,92.0,,,52.0
ECU,Ecuador,2014,79.0,75.0,100.0,85.0,76.0,71.0,71.0,80.0,71.0,73.0,89.0,80.0,54.0,100.0,,,84.0
ECU,Ecuador,2015,89.0,100.0,100.0,95.0,83.0,92.0,86.0,80.0,86.0,77.0,100.0,93.0,62.0,100.0,,,96.2
ECU,Ecuador,2016,81.0,100.0,90.0,90.0,94.0,90.0,86.0,20.0,83.0,86.0,100.0,80.0,31.0,100.0,,,92.6
ECU,Ecuador,2017,81.0,100.0,100.0,90.0,58.0,53.0,100.0,40.0,83.0,86.0,100.0,73.0,69.0,100.0,,,94.6
ECU,Ecuador,2018,73.0,87.0,80.0,80.0,60.0,73.0,80.0,80.0,80.0,47.0,60.0,80.0,80.0,60.0,,,77.4
ECU,Ecuador,2019,77.0,87.0,90.0,80.0,80.0,80.0,80.0,80.0,87.0,60.0,60.0,80.0,80.0,60.0,,,80.8
ECU,Ecuador,2020,70.0,87.0,90.0,80.0,80.0,80.0,80.0,80.0,73.0,60.0,60.0,0.0,80.0,60.0,,,78.0
ECU,Ecuador,2021,66.0,30.0,73.0,50.0,80.0,80.0,50.0,80.0,53.0,47.0,67.0,80.0,80.0,80.0,80.0,60.0,54.6
ECU,Ecuador,2022,60.0,80.0,53.0,30.0,72.0,80.0,50.0,73.0,53.0,27.0,40.0,67.0,60.0,80.0,80.0,60.0,51.2
ECU,Ecuador,2023,61.0,60.0,47.0,40.0,80.0,80.0,40.0,53.0,67.0,53.0,60.0,73.0,40.0,60.0,80.0,80.0,54.8
ECU,Ecuador,2024,54.0,60.0,47.0,20.0,48.0,60.0,30.0,27.0,87.0,47.0,53.0,93.0,40.0,20.0,80.0,100.0,53.4
ECU,Ecuador,2025,46.0,60.0,33.0,20.0,52.0,40.0,20.0,47.0,60.0,40.0,27.0,87.0,60.0,20.0,40.0,80.0,60.0
GRD,Grenada,2010,,,,,,,,,,,,,,,,,
GRD,Grenada,2011,57.0,50.0,73.0,90.0,78.0,42.0,71.0,50.0,50.0,55.0,100.0,58.0,25.0,,,,72.6
GRD,Grenada,2012,48.0,50.0,83.0,90.0,52.0,,57.0,,41.0,64.0,100.0,67.0,23.0,,,,72.8
GRD,Grenada,2013,58.0,75.0,83.0,85.0,64.0,16.0,57.0,60.0,45.0,50.0,100.0,67.0,46.0,,,,77.6
GRD,Grenada,2014,,,,,,,,,,,,,,,,,
GRD,Grenada,2015,66.0,100.0,83.0,95.0,69.0,33.0,86.0,60.0,49.0,52.0,100.0,67.0,46.0,15.0,,,85.4
GRD,Grenada,2016,66.0,100.0,83.0,95.0,69.0,33.0,86.0,60.0,49.0,52.0,100.0,67.0,46.0,15.0,,,85.4
GRD,Grenada,2017,,,,,,,,,,,,,,,,,
GRD,Grenada,2018,,,,,,,,,,,,,,,,,
GRD,Grenada,2019,,,,,,,,,,,,,,,,,
GRD,Grenada,2020,,,,,,,,,,,,,,,,,
GRD,Grenada,2021,,,,,,,,,,,,,,,,,
GRD,Grenada,2022,35.0,30.0,47.0,30.0,48.0,70.0,30.0,33.0,47.0,27.0,40.0,27.0,20.0,40.0,20.0,20.0,38.8
GRD,Grenada,2023,52.0,40.0,73.0,60.0,56.0,80.0,40.0,80.0,60.0,33.0,73.0,47.0,20.0,60.0,20.0,40.0,61.2
GRD,Grenada,2024,54.0,50.0,73.0,60.0,60.0,80.0,40.0,80.0,67.0,33.0,73.0,47.0,20.0,60.0,20.0,40.0,64.6
GTM,Guatemala,2010,,,,,,,,,,,,,,,,,
GTM,Guatemala,2011,62.0,75.0,66.0,85.0,71.0,30.0,86.0,25.0,90.0,57.0,67.0,50.0,67.0,33.0,,,76.6
GTM,Guatemala,2012,66.0,75.0,66.0,85.0,76.0,20.0,86.0,100.0,91.0,38.0,89.0,47.0,62.0,29.0,,,81.2
GTM,Guatemala,2013,88.0,50.0,100.0,100.0,94.0,100.0,100.0,100.0,75.0,54.0,100.0,100.0,100.0,67.0,,,85.0
GTM,Guatemala,2014,59.0,,73.0,75.0,76.0,45.0,57.0,40.0,75.0,60.0,78.0,100.0,62.0,31.0,,,75.25
GTM,Guatemala,2015,84.0,33.0,83.0,100.0,94.0,80.0,100.0,100.0,100.0,71.0,100.0,87.0,77.0,69.0,,,83.2
GTM,Guatemala,2016,55.0,50.0,53.0,55.0,77.0,35.0,43.0,80.0,29.0,29.0,100.0,60.0,54.0,54.0,,,57.4
GTM,Guatemala,2017,57.0,,37.0,90.0,82.0,72.0,14.0,60.0,66.0,35.0,100.0,60.0,38.0,92.0,,,73.25
GTM,Guatemala,2018,62.0,67.0,30.0,60.0,20.0,80.0,70.0,80.0,80.0,33.0,60.0,60.0,60.0,100.0,,,59.4
GTM,Guatemala,2019,53.0,67.0,40.0,40.0,40.0,80.0,70.0,60.0,73.0,33.0,40.0,60.0,40.0,40.0,,,52.0
GTM,Guatemala,2020,58.0,73.0,40.0,40.0,60.0,80.0,80.0,60.0,100.0,47.0,40.0,60.0,40.0,40.0,,,58.6
GTM,Guatemala,2021,45.0,50.0,33.0,20.0,48.0,80.0,30.0,33.0,93.0,27.0,20.0,80.0,20.0,40.0,60.0,40.0,43.2
GTM,Guatemala,2022,42.0,50.0,27.0,20.0,44.0,70.0,30.0,67.0,73.0,33.0,47.0,33.0,20.0,20.0,60.0,40.0,43.4
GTM,Guatemala,2023,32.0,30.0,40.0,40.0,44.0,40.0,20.0,53.0,33.0,20.0,47.0,20.0,20.0,20.0,40.0,20.0,38.0
GTM,Guatemala,2024,37.0,30.0,53.0,40.0,44.0,40.0,30.0,73.0,33.0,20.0,47.0,27.0,40.0,20.0,40.0,20.0,40.6
GTM,Guatemala,2025,44.0,30.0,53.0,40.0,52.0,40.0,30.0,60.0,40.0,27.0,67.0,47.0,60.0,40.0,40.0,40.0,30.0
GUY,Guyana,2010,33.0,,75.0,28.0,26.0,19.0,40.0,33.0,54.0,56.0,46.0,46.0,,,,,50.75
GUY,Guyana,2011,73.0,75.0,100.0,75.0,93.0,87.0,71.0,75.0,90.0,50.0,89.0,75.0,75.0,,,,85.8
GUY,Guyana,2012,76.0,100.0,83.0,80.0,94.0,90.0,71.0,80.0,100.0,50.0,100.0,67.0,62.0,7.0,,,92.6
GUY,Guyana,2013,77.0,100.0,83.0,80.0,100.0,90.0,86.0,100.0,100.0,38.0,100.0,67.0,62.0,,,,92.6
GUY,Guyana,2014,79.0,100.0,83.0,90.0,100.0,100.0,86.0,100.0,100.0,38.0,100.0,73.0,62.0,,,,94.6
GUY,Guyana,2015,81.0,100.0,100.0,95.0,100.0,100.0,100.0,100.0,100.0,38.0,100.0,53.0,62.0,,,,99.0
GUY,Guyana,2016,,,,,,,,,,,,,,,,,
GUY,Guyana,2017,89.0,100.0,100.0,95.0,100.0,100.0,100.0,100.0,100.0,46.0,100.0,80.0,77.0,54.0,,,99.0
GUY,Guyana,2018,,,,,,,,,,,,,,,,,
GUY,Guyana,2019,88.0,100.0,100.0,100.0,100.0,100.0,100.0,80.0,67.0,73.0,100.0,100.0,100.0,20.0,,,93.4
GUY,Guyana,2020,100.0,100.0,100.0,100.0,100.0,100.0,100.0,100.0,100.0,100.0,100.0,100.0,100.0,100.0,,,100.0
GUY,Guyana,2021,93.0,100.0,87.0,100.0,88.0,100.0,80.0,100.0,100.0,93.0,100.0,100.0,100.0,80.0,80.0,80.0,97.4
GUY,Guyana,2022,54.0,40.0,47.0,70.0,76.0,60.0,60.0,73.0,80.0,40.0,60.0,40.0,40.0,40.0,40.0,40.0,59.4
GUY,Guyana,2023,31.0,30.0,20.0,50.0,44.0,30.0,20.0,27.0,40.0,27.0,33.0,20.0,20.0,40.0,20.0,40.0,34.6
GUY,Guyana,2024,37.0,40.0,33.0,60.0,48.0,40.0,20.0,40.0,47.0,27.0,33.0,33.0,40.0,40.0,20.0,40.0,42.6
HND,Honduras,2010,46.0,50.0,83.0,69.0,37.0,7.0,10.0,50.0,70.0,10.0,84.0,66.0,7.0,53.0,,,71.2
HND,Honduras,2011,44.0,25.0,100.0,60.0,35.0,30.0,43.0,50.0,40.0,6.0,100.0,50.0,,33.0,,,65.0
HND,Honduras,2012,49.0,50.0,26.0,90.0,71.0,20.0,29.0,60.0,91.0,22.0,100.0,67.0,,7.0,,,71.4
HND,Honduras,2013,52.0,75.0,56.0,90.0,64.0,43.0,,75.0,66.0,9.0,100.0,40.0,31.0,23.0,,,77.4
HND,Honduras,2014,49.0,50.0,53.0,90.0,52.0,33.0,43.0,40.0,71.0,36.0,78.0,47.0,8.0,31.0,,,68.4
HND,Honduras,2015,74.0,100.0,80.0,95.0,76.0,50.0,57.0,60.0,82.0,80.0,100.0,87.0,38.0,62.0,,,91.4
HND,Honduras,2016,83.0,100.0,100.0,95.0,100.0,70.0,71.0,60.0,80.0,94.0,89.0,93.0,46.0,77.0,,,92.8
HND,Honduras,2017,70.0,50.0,73.0,90.0,94.0,43.0,71.0,60.0,68.0,29.0,89.0,67.0,77.0,100.0,,,74.0
HND,Honduras,2018,34.0,7.0,80.0,80.0,20.0,60.0,80.0,20.0,20.0,0.0,40.0,40.0,0.0,0.0,,,45.4
HND,Honduras,2019,60.0,73.0,50.0,80.0,40.0,67.0,70.0,60.0,67.0,40.0,60.0,50.0,40.0,80.0,,,66.0
HND,Honduras,2020,60.0,40.0,80.0,80.0,80.0,87.0,80.0,60.0,60.0,13.0,60.0,60.0,40.0,40.0,,,64.0
HND,Honduras,2021,58.0,40.0,73.0,70.0,84.0,70.0,40.0,60.0,47.0,47.0,73.0,60.0,80.0,80.0,20.0,20.0,60.6
HND,Honduras,2022,59.0,50.0,80.0,40.0,80.0,80.0,50.0,60.0,60.0,33.0,47.0,40.0,80.0,80.0,60.0,40.0,55.4
HND,Honduras,2023,58.0,30.0,80.0,40.0,80.0,80.0,50.0,67.0,47.0,20.0,80.0,20.0,80.0,80.0,80.0,40.0,55.4
HND,Honduras,2024,54.0,40.0,80.0,40.0,80.0,80.0,30.0,33.0,40.0,27.0,73.0,40.0,80.0,80.0,60.0,20.0,54.6
HND,Honduras,2025,28.0,30.0,20.0,40.0,48.0,20.0,20.0,20.0,33.0,20.0,33.0,20.0,60.0,20.0,20.0,20.0,30.0
HTI,Haiti,2010,,,,,,,,,,,,,,,,,
HTI,Haiti,2011,30.0,,10.0,5.0,35.0,30.0,86.0,25.0,80.0,15.0,33.0,50.0,17.0,,,,32.0
HTI,Haiti,2012,,,,,,,,,,,,,,,,,
HTI,Haiti,2013,45.0,25.0,46.0,95.0,76.0,20.0,100.0,60.0,60.0,21.0,67.0,20.0,,,,,58.6
HTI,Haiti,2014,41.0,,46.0,95.0,69.0,20.0,86.0,40.0,96.0,6.0,44.0,27.0,,,,,70.25
HTI,Haiti,2015,48.0,,47.0,100.0,70.0,27.0,100.0,40.0,96.0,14.0,67.0,27.0,38.0,,,,77.5
HTI,Haiti,2016,56.0,,47.0,85.0,64.0,73.0,71.0,40.0,80.0,9.0,100.0,40.0,69.0,54.0,,,78.0
HTI,Haiti,2017,,,,,,,,,,,,,,,,,
HTI,Haiti,2018,39.0,27.0,60.0,60.0,20.0,60.0,90.0,40.0,47.0,27.0,20.0,10.0,40.0,0.0,,,42.8
HTI,Haiti,2019,,,,,,,,,,,,,,,,,
HTI,Haiti,2020,40.0,27.0,60.0,60.0,20.0,60.0,90.0,40.0,53.0,27.0,20.0,20.0,40.0,0.0,,,44.0
HTI,Haiti,2021,54.0,40.0,53.0,50.0,72.0,100.0,90.0,60.0,73.0,33.0,47.0,33.0,80.0,40.0,20.0,20.0,52.6
HTI,Haiti,2022,56.0,40.0,53.0,50.0,96.0,100.0,90.0,80.0,73.0,40.0,60.0,33.0,80.0,40.0,0.0,0.0,55.2
HTI,Haiti,2023,54.0,20.0,53.0,50.0,76.0,100.0,100.0,80.0,73.0,40.0,60.0,20.0,80.0,40.0,20.0,0.0,51.2
HTI,Haiti,2024,54.0,40.0,53.0,50.0,88.0,100.0,90.0,80.0,73.0,40.0,60.0,20.0,80.0,40.0,0.0,0.0,55.2
HTI,Haiti,2025,64.0,40.0,67.0,70.0,84.0,100.0,100.0,93.0,87.0,60.0,73.0,33.0,80.0,40.0,20.0,20.0,40.0
JAM,Jamaica,2010,32.0,,48.0,27.0,79.0,19.0,40.0,,50.0,49.0,53.0,46.0,7.0,,,,44.5
JAM,Jamaica,2011,83.0,25.0,80.0,100.0,100.0,90.0,100.0,25.0,80.0,89.0,100.0,100.0,92.0,92.0,,,77.0
JAM,Jamaica,2012,79.0,50.0,73.0,100.0,100.0,90.0,86.0,100.0,90.0,91.0,100.0,93.0,54.0,,,,82.6
JAM,Jamaica,2013,61.0,100.0,66.0,70.0,87.0,71.0,57.0,20.0,47.0,62.0,67.0,67.0,62.0,23.0,,,70.0
JAM,Jamaica,2014,55.0,50.0,73.0,60.0,75.0,73.0,57.0,20.0,53.0,70.0,67.0,47.0,38.0,31.0,,,60.6
JAM,Jamaica,2015,80.0,33.0,90.0,90.0,100.0,92.0,71.0,60.0,86.0,88.0,78.0,87.0,77.0,85.0,,,75.4
JAM,Jamaica,2016,83.0,50.0,100.0,90.0,100.0,92.0,71.0,60.0,96.0,88.0,78.0,87.0,77.0,85.0,,,82.8
JAM,Jamaica,2017,,,,,,,,,,,,,,,,,
JAM,Jamaica,2018,76.0,80.0,90.0,80.0,80.0,80.0,80.0,60.0,80.0,73.0,80.0,90.0,40.0,80.0,,,82.0
JAM,Jamaica,2019,84.0,87.0,100.0,80.0,80.0,87.0,80.0,60.0,80.0,73.0,100.0,100.0,80.0,80.0,,,89.4
JAM,Jamaica,2020,87.0,93.0,100.0,100.0,80.0,87.0,80.0,80.0,80.0,73.0,100.0,100.0,80.0,80.0,,,94.6
JAM,Jamaica,2021,88.0,100.0,100.0,100.0,92.0,100.0,80.0,93.0,80.0,73.0,100.0,87.0,80.0,80.0,80.0,80.0,96.0
JAM,Jamaica,2022,87.0,90.0,93.0,100.0,92.0,100.0,70.0,93.0,80.0,67.0,87.0,93.0,80.0,100.0,80.0,80.0,90.0
JAM,Jamaica,2023,78.0,80.0,73.0,80.0,84.0,100.0,80.0,100.0,87.0,47.0,93.0,100.0,80.0,80.0,40.0,40.0,82.6
JAM,Jamaica,2024,69.0,80.0,73.0,80.0,80.0,100.0,60.0,80.0,73.0,20.0,93.0,93.0,60.0,60.0,40.0,40.0,79.8
JAM,Jamaica,2025,64.0,40.0,73.0,80.0,80.0,100.0,40.0,80.0,67.0,20.0,93.0,93.0,60.0,60.0,40.0,40.0,40.0
KNA,Saint Kitts and Nevis,2010,,,,,,,,,,,,,,,,,
KNA,Saint Kitts and Nevis,2011,,,,,,,,,,,,,,,,,
KNA,Saint Kitts and Nevis,2012,57.0,100.0,66.0,60.0,52.0,40.0,29.0,20.0,59.0,97.0,78.0,93.0,31.0,14.0,,,72.6
KNA,Saint Kitts and Nevis,2013,58.0,50.0,83.0,80.0,89.0,36.0,57.0,60.0,81.0,45.0,100.0,67.0,8.0,,,,78.8
KNA,Saint Kitts and Nevis,2014,,,,,,,,,,,,,,,,,
KNA,Saint Kitts and Nevis,2015,60.0,100.0,100.0,80.0,58.0,33.0,86.0,20.0,88.0,71.0,67.0,80.0,,,,,87.0
KNA,Saint Kitts and Nevis,2016,,,,,,,,,,,,,,,,,
KNA,Saint Kitts and Nevis,2017,52.0,,20.0,45.0,94.0,92.0,100.0,,92.0,43.0,67.0,80.0,15.0,23.0,,,56.0
KNA,Saint Kitts and Nevis,2018,48.0,7.0,70.0,60.0,80.0,67.0,60.0,40.0,47.0,60.0,40.0,30.0,40.0,20.0,,,44.8
KNA,Saint Kitts and Nevis,2019,51.0,33.0,80.0,60.0,80.0,67.0,60.0,40.0,47.0,60.0,40.0,40.0,40.0,20.0,,,52.0
KNA,Saint Kitts and Nevis,2020,51.0,33.0,80.0,60.0,80.0,67.0,60.0,40.0,47.0,60.0,40.0,40.0,40.0,20.0,,,52.0
KNA,Saint Kitts and Nevis,2021,66.0,40.0,73.0,50.0,56.0,90.0,40.0,80.0,80.0,80.0,87.0,80.0,80.0,80.0,40.0,40.0,66.0
KNA,Saint Kitts and Nevis,2022,71.0,70.0,80.0,70.0,56.0,80.0,60.0,80.0,87.0,93.0,87.0,87.0,80.0,80.0,40.0,20.0,78.8
KNA,Saint Kitts and Nevis,2023,69.0,60.0,80.0,70.0,52.0,80.0,80.0,80.0,80.0,60.0,80.0,73.0,80.0,80.0,40.0,40.0,74.0
KNA,Saint Kitts and Nevis,2024,68.0,60.0,80.0,70.0,56.0,80.0,80.0,80.0,80.0,53.0,80.0,80.0,80.0,80.0,20.0,40.0,74.0
LCA,Saint Lucia,2010,29.0,,40.0,65.0,53.0,39.0,80.0,16.0,14.0,15.0,38.0,,14.0,,,,39.25
LCA,Saint Lucia,2011,38.0,,73.0,80.0,71.0,,29.0,25.0,50.0,34.0,78.0,50.0,,,,,70.25
LCA,Saint Lucia,2012,38.0,,73.0,80.0,65.0,50.0,29.0,20.0,43.0,12.0,67.0,40.0,15.0,,,,65.75
LCA,Saint Lucia,2013,,,,,,,,,,,,,,,,,
LCA,Saint Lucia,2014,44.0,25.0,20.0,65.0,58.0,25.0,86.0,40.0,73.0,6.0,89.0,60.0,23.0,,,,54.4
LCA,Saint Lucia,2015,57.0,67.0,57.0,70.0,69.0,25.0,86.0,40.0,83.0,74.0,89.0,60.0,23.0,,,,73.2
LCA,Saint Lucia,2016,77.0,75.0,100.0,80.0,100.0,60.0,100.0,100.0,96.0,97.0,89.0,73.0,23.0,8.0,,,88.0
LCA,Saint Lucia,2017,,,,,,,,,,,,,,,,,
LCA,Saint Lucia,2018,60.0,47.0,90.0,80.0,80.0,87.0,40.0,80.0,47.0,47.0,60.0,80.0,40.0,0.0,,,64.8
LCA,Saint Lucia,2019,69.0,60.0,90.0,80.0,80.0,87.0,70.0,80.0,80.0,60.0,60.0,90.0,40.0,20.0,,,74.0
LCA,Saint Lucia,2020,69.0,60.0,90.0,80.0,80.0,87.0,70.0,80.0,80.0,60.0,60.0,90.0,40.0,20.0,,,74.0
LCA,Saint Lucia,2021,59.0,60.0,67.0,30.0,64.0,80.0,50.0,80.0,60.0,33.0,53.0,93.0,80.0,80.0,40.0,20.0,54.0
LCA,Saint Lucia,2022,60.0,60.0,67.0,30.0,68.0,80.0,50.0,80.0,60.0,33.0,53.0,100.0,80.0,80.0,40.0,20.0,54.0
LCA,Saint Lucia,2023,67.0,60.0,67.0,40.0,72.0,80.0,80.0,93.0,60.0,33.0,80.0,100.0,80.0,80.0,40.0,40.0,61.4
LCA,Saint Lucia,2024,61.0,60.0,40.0,50.0,64.0,80.0,80.0,93.0,53.0,33.0,80.0,100.0,20.0,80.0,40.0,40.0,56.6
MEX,Mexico,2010,43.0,50.0,50.0,44.0,42.0,,70.0,,100.0,66.0,53.0,60.0,14.0,13.0,,,59.4
MEX,Mexico,2011,66.0,100.0,63.0,70.0,71.0,37.0,43.0,100.0,100.0,30.0,67.0,83.0,33.0,67.0,,,80.0
MEX,Mexico,2012,76.0,100.0,53.0,80.0,89.0,60.0,43.0,80.0,96.0,54.0,89.0,87.0,69.0,86.0,,,83.6
MEX,Mexico,2013,89.0,100.0,70.0,95.0,89.0,90.0,71.0,100.0,100.0,89.0,100.0,93.0,69.0,92.0,,,93.0
MEX,Mexico,2014,95.0,100.0,80.0,95.0,94.0,90.0,100.0,100.0,100.0,94.0,100.0,100.0,85.0,100.0,,,95.0
MEX,Mexico,2015,96.0,100.0,70.0,95.0,94.0,100.0,100.0,100.0,100.0,94.0,100.0,100.0,100.0,100.0,,,93.0
MEX,Mexico,2016,97.0,100.0,70.0,95.0,94.0,100.0,100.0,100.0,100.0,100.0,100.0,100.0,100.0,100.0,,,93.0
MEX,Mexico,2017,94.0,100.0,70.0,95.0,94.0,100.0,100.0,100.0,96.0,88.0,100.0,100.0,85.0,100.0,,,92.2
MEX,Mexico,2018,86.0,100.0,100.0,80.0,80.0,80.0,100.0,100.0,87.0,87.0,60.0,80.0,80.0,80.0,,,85.4
MEX,Mexico,2019,83.0,80.0,100.0,60.0,80.0,80.0,100.0,80.0,87.0,87.0,80.0,80.0,80.0,80.0,,,81.4
MEX,Mexico,2020,83.0,80.0,100.0,60.0,80.0,87.0,100.0,80.0,87.0,87.0,80.0,80.0,80.0,80.0,,,81.4
MEX,Mexico,2021,84.0,60.0,87.0,90.0,96.0,100.0,90.0,87.0,87.0,73.0,87.0,87.0,80.0,80.0,80.0,80.0,82.2
MEX,Mexico,2022,75.0,40.0,87.0,70.0,96.0,100.0,50.0,87.0,93.0,53.0,80.0,87.0,60.0,80.0,60.0,80.0,74.0
MEX,Mexico,2023,79.0,60.0,87.0,50.0,96.0,100.0,80.0,87.0,93.0,60.0,80.0,87.0,80.0,80.0,60.0,80.0,74.0
MEX,Mexico,2024,79.0,60.0,87.0,40.0,96.0,100.0,80.0,87.0,93.0,80.0,80.0,87.0,100.0,80.0,40.0,80.0,72.0
MEX,Mexico,2025,76.0,56.0,93.0,40.0,96.0,100.0,90.0,80.0,93.0,80.0,67.0,87.0,80.0,60.0,40.0,80.0,60.0
NIC,Nicaragua,2010,,,,,,,,,,,,,,,,,
NIC,Nicaragua,2011,71.0,25.0,73.0,90.0,85.0,75.0,71.0,,90.0,86.0,100.0,67.0,92.0,67.0,,,75.6
NIC,Nicaragua,2012,76.0,25.0,100.0,95.0,87.0,80.0,100.0,20.0,81.0,62.0,100.0,80.0,92.0,71.0,,,80.2
NIC,Nicaragua,2013,88.0,100.0,83.0,100.0,82.0,90.0,100.0,60.0,86.0,68.0,100.0,80.0,92.0,100.0,,,93.8
NIC,Nicaragua,2014,93.0,100.0,83.0,100.0,94.0,90.0,100.0,100.0,86.0,90.0,100.0,80.0,92.0,100.0,,,93.8
NIC,Nicaragua,2015,76.0,100.0,83.0,100.0,88.0,100.0,100.0,100.0,86.0,72.0,100.0,60.0,,,,,93.8
NIC,Nicaragua,2016,88.0,75.0,83.0,100.0,88.0,100.0,100.0,100.0,86.0,44.0,100.0,80.0,92.0,100.0,,,88.8
NIC,Nicaragua,2017,91.0,75.0,83.0,100.0,88.0,100.0,100.0,100.0,90.0,75.0,100.0,80.0,92.0,100.0,,,89.6
NIC,Nicaragua,2018,73.0,100.0,30.0,60.0,80.0,87.0,60.0,60.0,73.0,73.0,80.0,80.0,60.0,100.0,,,68.6
NIC,Nicaragua,2019,78.0,100.0,30.0,60.0,80.0,87.0,80.0,80.0,93.0,73.0,80.0,90.0,60.0,100.0,,,72.6
NIC,Nicaragua,2020,83.0,100.0,40.0,80.0,80.0,87.0,80.0,80.0,100.0,73.0,80.0,100.0,80.0,100.0,,,80.0
NIC,Nicaragua,2021,78.0,90.0,93.0,60.0,72.0,100.0,90.0,100.0,100.0,60.0,100.0,27.0,60.0,80.0,40.0,100.0,88.6
NIC,Nicaragua,2022,85.0,90.0,93.0,70.0,72.0,100.0,90.0,100.0,100.0,60.0,100.0,100.0,80.0,80.0,40.0,100.0,90.6
NIC,Nicaragua,2023,60.0,40.0,60.0,50.0,60.0,60.0,80.0,67.0,67.0,67.0,73.0,40.0,60.0,60.0,60.0,60.0,58.0
NIC,Nicaragua,2024,62.0,40.0,60.0,50.0,60.0,60.0,80.0,67.0,67.0,67.0,73.0,53.0,80.0,60.0,60.0,60.0,58.0
NIC,Nicaragua,2025,68.0,50.0,67.0,50.0,68.0,70.0,80.0,73.0,67.0,80.0,73.0,67.0,80.0,60.0,80.0,60.0,50.0
PAN,Panama,2010,,,,,,,,,,,,,,,,,
PAN,Panama,2011,65.0,100.0,83.0,65.0,78.0,77.0,86.0,25.0,80.0,66.0,89.0,75.0,8.0,8.0,,,83.4
PAN,Panama,2012,78.0,100.0,73.0,90.0,89.0,50.0,43.0,100.0,96.0,77.0,100.0,93.0,54.0,43.0,,,91.8
PAN,Panama,2013,71.0,75.0,83.0,95.0,83.0,70.0,71.0,40.0,96.0,71.0,89.0,87.0,23.0,38.0,,,87.6
PAN,Panama,2014,68.0,75.0,100.0,95.0,88.0,60.0,71.0,40.0,96.0,65.0,89.0,60.0,15.0,31.0,,,91.0
PAN,Panama,2015,70.0,100.0,100.0,95.0,88.0,60.0,71.0,40.0,96.0,63.0,89.0,60.0,15.0,31.0,,,96.0
PAN,Panama,2016,71.0,75.0,100.0,100.0,88.0,60.0,71.0,40.0,86.0,61.0,100.0,60.0,15.0,62.0,,,92.2
PAN,Panama,2017,76.0,100.0,100.0,100.0,88.0,60.0,71.0,60.0,96.0,72.0,100.0,60.0,15.0,62.0,,,99.2
PAN,Panama,2018,71.0,53.0,80.0,80.0,80.0,73.0,80.0,80.0,80.0,73.0,40.0,60.0,80.0,60.0,,,66.6
PAN,Panama,2019,76.0,73.0,80.0,80.0,80.0,87.0,90.0,80.0,80.0,73.0,60.0,60.0,80.0,60.0,,,74.6
PAN,Panama,2020,79.0,93.0,80.0,80.0,80.0,93.0,90.0,80.0,80.0,73.0,80.0,60.0,80.0,60.0,,,82.6
PAN,Panama,2021,76.0,50.0,60.0,60.0,96.0,90.0,90.0,87.0,73.0,80.0,80.0,80.0,80.0,80.0,80.0,60.0,64.6
PAN,Panama,2022,75.0,50.0,60.0,70.0,96.0,100.0,90.0,87.0,73.0,80.0,80.0,80.0,80.0,80.0,40.0,60.0,66.6
PAN,Panama,2023,67.0,40.0,60.0,80.0,68.0,100.0,50.0,80.0,73.0,53.0,67.0,80.0,80.0,80.0,40.0,60.0,64.0
PAN,Panama,2024,68.0,70.0,60.0,40.0,76.0,100.0,50.0,80.0,73.0,60.0,67.0,80.0,80.0,80.0,40.0,60.0,62.0
PAN,Panama,2025,68.0,70.0,60.0,50.0,76.0,100.0,50.0,80.0,73.0,73.0,67.0,67.0,80.0,80.0,40.0,60.0,70.0
PER,Peru,2010,,,,,,,,,,,,,,,,,
PER,Peru,2011,,,,,,,,,,,,,,,,,
PER,Peru,2012,62.0,100.0,50.0,100.0,87.0,50.0,57.0,80.0,77.0,27.0,78.0,93.0,8.0,,,,81.0
PER,Peru,2013,75.0,100.0,56.0,95.0,88.0,65.0,100.0,80.0,87.0,21.0,100.0,87.0,31.0,69.0,,,87.6
PER,Peru,2014,85.0,100.0,83.0,100.0,94.0,90.0,100.0,80.0,100.0,27.0,100.0,100.0,46.0,85.0,,,96.6
PER,Peru,2015,89.0,100.0,100.0,100.0,94.0,90.0,100.0,80.0,100.0,24.0,100.0,100.0,69.0,100.0,,,100.0
PER,Peru,2016,70.0,25.0,80.0,90.0,78.0,62.0,57.0,100.0,90.0,27.0,100.0,67.0,31.0,100.0,,,77.0
PER,Peru,2017,66.0,50.0,100.0,100.0,77.0,35.0,71.0,60.0,100.0,9.0,100.0,53.0,8.0,92.0,,,90.0
PER,Peru,2018,55.0,53.0,50.0,60.0,40.0,47.0,70.0,40.0,60.0,33.0,40.0,40.0,80.0,100.0,,,52.6
PER,Peru,2019,48.0,67.0,50.0,80.0,60.0,47.0,90.0,40.0,67.0,40.0,40.0,0.0,40.0,0.0,,,60.8
PER,Peru,2020,59.0,67.0,50.0,80.0,80.0,47.0,80.0,40.0,67.0,40.0,40.0,40.0,40.0,100.0,,,60.8
PER,Peru,2021,39.0,20.0,33.0,30.0,48.0,80.0,30.0,47.0,20.0,40.0,20.0,33.0,20.0,20.0,40.0,100.0,24.6
PER,Peru,2022,45.0,20.0,33.0,40.0,52.0,80.0,30.0,67.0,33.0,40.0,33.0,33.0,20.0,40.0,60.0,100.0,31.8
PER,Peru,2023,36.0,20.0,40.0,30.0,64.0,50.0,30.0,20.0,33.0,47.0,33.0,20.0,40.0,40.0,40.0,40.0,31.2
PER,Peru,2024,40.0,20.0,40.0,50.0,64.0,30.0,20.0,60.0,60.0,33.0,27.0,20.0,40.0,40.0,40.0,60.0,39.4
PER,Peru,2025,42.0,20.0,47.0,40.0,64.0,50.0,20.0,47.0,60.0,40.0,27.0,20.0,60.0,60.0,40.0,40.0,20.0
PRY,Paraguay,2010,,,,,,,,,,,,,,,,,
PRY,Paraguay,2011,83.0,100.0,80.0,100.0,100.0,75.0,100.0,100.0,100.0,,100.0,100.0,58.0,67.0,,,96.0
PRY,Paraguay,2012,60.0,50.0,80.0,55.0,82.0,10.0,100.0,60.0,96.0,37.0,33.0,60.0,46.0,71.0,,,62.8
PRY,Paraguay,2013,75.0,100.0,90.0,70.0,83.0,53.0,100.0,60.0,100.0,34.0,67.0,73.0,69.0,77.0,,,85.4
PRY,Paraguay,2014,,,,,,,,,,,,,,,,,
PRY,Paraguay,2015,82.0,100.0,100.0,95.0,94.0,43.0,100.0,80.0,76.0,86.0,89.0,47.0,69.0,92.0,,,92.0
PRY,Paraguay,2016,79.0,100.0,100.0,85.0,89.0,43.0,100.0,60.0,76.0,100.0,89.0,67.0,38.0,77.0,,,90.0
PRY,Paraguay,2017,77.0,100.0,100.0,85.0,89.0,43.0,100.0,60.0,76.0,100.0,78.0,67.0,38.0,69.0,,,87.8
PRY,Paraguay,2018,62.0,40.0,90.0,80.0,80.0,53.0,80.0,80.0,40.0,47.0,80.0,60.0,60.0,20.0,,,66.0
PRY,Paraguay,2019,65.0,47.0,100.0,60.0,80.0,53.0,80.0,80.0,47.0,40.0,80.0,60.0,80.0,40.0,,,66.8
PRY,Paraguay,2020,65.0,47.0,100.0,20.0,80.0,67.0,100.0,40.0,73.0,53.0,60.0,80.0,60.0,60.0,,,60.0
PRY,Paraguay,2021,56.0,40.0,53.0,40.0,72.0,70.0,50.0,60.0,67.0,33.0,60.0,80.0,20.0,80.0,60.0,60.0,52.0
PRY,Paraguay,2022,62.0,30.0,53.0,20.0,60.0,100.0,60.0,67.0,73.0,53.0,60.0,80.0,60.0,80.0,80.0,60.0,47.2
PRY,Paraguay,2023,62.0,20.0,60.0,40.0,68.0,100.0,60.0,73.0,80.0,53.0,33.0,80.0,60.0,80.0,60.0,60.0,46.6
PRY,Paraguay,2024,63.0,30.0,60.0,60.0,68.0,80.0,60.0,80.0,80.0,53.0,47.0,80.0,60.0,60.0,60.0,60.0,55.4
PRY,Paraguay,2025,64.0,50.0,60.0,60.0,72.0,80.0,60.0,80.0,80.0,53.0,47.0,80.0,80.0,60.0,40.0,60.0,50.0
SLV,El Salvador,2010,,,,,,,,,,,,,,,,,
SLV,El Salvador,2011,74.0,100.0,100.0,100.0,100.0,87.0,43.0,75.0,100.0,85.0,33.0,42.0,17.0,83.0,,,86.6
SLV,El Salvador,2012,81.0,75.0,90.0,100.0,100.0,50.0,71.0,100.0,100.0,97.0,67.0,73.0,46.0,86.0,,,86.4
SLV,El Salvador,2013,90.0,100.0,100.0,100.0,100.0,90.0,100.0,100.0,100.0,90.0,100.0,67.0,54.0,69.0,,,100.0
SLV,El Salvador,2014,93.0,100.0,100.0,100.0,100.0,90.0,86.0,100.0,100.0,100.0,100.0,93.0,62.0,77.0,,,100.0
SLV,El Salvador,2015,93.0,100.0,100.0,100.0,100.0,90.0,86.0,100.0,100.0,100.0,100.0,100.0,54.0,85.0,,,100.0
SLV,El Salvador,2016,94.0,100.0,100.0,95.0,94.0,90.0,71.0,100.0,100.0,97.0,100.0,100.0,92.0,85.0,,,99.0
SLV,El Salvador,2017,93.0,100.0,100.0,100.0,100.0,72.0,57.0,100.0,100.0,97.0,100.0,100.0,92.0,85.0,,,100.0
SLV,El Salvador,2018,75.0,100.0,100.0,100.0,20.0,100.0,100.0,100.0,60.0,60.0,40.0,100.0,40.0,60.0,,,80.0
SLV,El Salvador,2019,89.0,100.0,100.0,100.0,80.0,100.0,100.0,100.0,100.0,100.0,40.0,100.0,40.0,100.0,,,88.0
SLV,El Salvador,2020,100.0,100.0,100.0,100.0,100.0,100.0,100.0,100.0,100.0,100.0,100.0,100.0,100.0,100.0,,,100.0
SLV,El Salvador,2021,94.0,80.0,87.0,100.0,100.0,100.0,100.0,100.0,100.0,67.0,100.0,100.0,80.0,100.0,100.0,100.0,93.4
SLV,El Salvador,2022,92.0,80.0,93.0,90.0,88.0,100.0,90.0,100.0,100.0,80.0,80.0,100.0,80.0,100.0,100.0,100.0,88.6
SLV,El Salvador,2023,92.0,80.0,93.0,100.0,92.0,90.0,90.0,100.0,100.0,87.0,93.0,100.0,100.0,80.0,100.0,80.0,93.2
SLV,El Salvador,2024,91.0,100.0,100.0,100.0,80.0,90.0,90.0,87.0,100.0,80.0,80.0,93.0,100.0,80.0,80.0,100.0,96.0
SLV,El Salvador,2025,78.0,80.0,80.0,80.0,76.0,90.0,90.0,73.0,87.0,60.0,100.0,93.0,80.0,80.0,60.0,40.0,80.0
SUR,Suriname,2010,,,,,,,,,,,,,,,,,
SUR,Suriname,2011,43.0,50.0,66.0,25.0,57.0,20.0,29.0,,90.0,44.0,89.0,42.0,33.0,8.0,,,64.0
SUR,Suriname,2012,48.0,50.0,66.0,35.0,66.0,50.0,43.0,,90.0,51.0,56.0,67.0,54.0,,,,59.4
SUR,Suriname,2013,61.0,50.0,83.0,85.0,89.0,48.0,43.0,,100.0,84.0,67.0,87.0,62.0,,,,77.0
SUR,Suriname,2014,71.0,50.0,83.0,90.0,100.0,83.0,71.0,40.0,100.0,84.0,67.0,87.0,62.0,,,,78.0
SUR,Suriname,2015,69.0,33.0,83.0,90.0,100.0,100.0,71.0,40.0,86.0,83.0,67.0,87.0,62.0,,,,71.8
SUR,Suriname,2016,72.0,50.0,83.0,90.0,100.0,100.0,71.0,40.0,86.0,78.0,78.0,93.0,62.0,,,,77.4
SUR,Suriname,2017,71.0,50.0,83.0,90.0,94.0,70.0,86.0,40.0,86.0,83.0,100.0,93.0,54.0,,,,81.8
SUR,Suriname,2018,73.0,80.0,90.0,80.0,80.0,73.0,90.0,80.0,87.0,53.0,80.0,100.0,40.0,20.0,,,83.4
SUR,Suriname,2019,57.0,80.0,70.0,60.0,80.0,73.0,20.0,80.0,53.0,53.0,80.0,30.0,40.0,20.0,,,68.6
SUR,Suriname,2020,59.0,73.0,70.0,60.0,80.0,80.0,60.0,80.0,60.0,60.0,80.0,10.0,40.0,20.0,,,68.6
SUR,Suriname,2021,46.0,60.0,47.0,50.0,76.0,70.0,60.0,60.0,67.0,73.0,33.0,20.0,20.0,20.0,20.0,20.0,51.4
SUR,Suriname,2022,46.0,60.0,40.0,50.0,76.0,70.0,60.0,60.0,67.0,73.0,33.0,20.0,20.0,20.0,20.0,20.0,50.0
SUR,Suriname,2023,47.0,60.0,40.0,50.0,80.0,70.0,60.0,60.0,67.0,73.0,47.0,20.0,20.0,20.0,20.0,20.0,52.8
SUR,Suriname,2024,40.0,60.0,33.0,50.0,64.0,60.0,40.0,40.0,80.0,53.0,27.0,20.0,20.0,20.0,20.0,20.0,50.0
TTO,Trinidad and Tobago,2010,55.0,50.0,83.0,43.0,69.0,51.0,90.0,,45.0,82.0,69.0,73.0,35.0,26.0,,,58.0
TTO,Trinidad and Tobago,2011,,,,,,,,,,,,,,,,,
TTO,Trinidad and Tobago,2012,63.0,50.0,56.0,80.0,76.0,50.0,71.0,,77.0,74.0,89.0,87.0,46.0,57.0,,,70.4
TTO,Trinidad and Tobago,2013,68.0,50.0,40.0,95.0,76.0,71.0,71.0,20.0,81.0,77.0,89.0,87.0,54.0,77.0,,,71.0
TTO,Trinidad and Tobago,2014,70.0,50.0,56.0,95.0,76.0,71.0,71.0,20.0,81.0,77.0,89.0,87.0,62.0,77.0,,,74.2
TTO,Trinidad and Tobago,2015,69.0,33.0,57.0,95.0,76.0,72.0,71.0,20.0,82.0,77.0,89.0,87.0,62.0,77.0,,,71.2
TTO,Trinidad and Tobago,2016,73.0,50.0,57.0,95.0,83.0,80.0,86.0,20.0,82.0,88.0,78.0,87.0,62.0,77.0,,,72.4
TTO,Trinidad and Tobago,2017,72.0,50.0,63.0,70.0,77.0,100.0,86.0,,78.0,88.0,78.0,80.0,69.0,92.0,,,67.8
TTO,Trinidad and Tobago,2018,49.0,53.0,100.0,20.0,40.0,80.0,40.0,20.0,40.0,80.0,40.0,40.0,60.0,20.0,,,50.6
TTO,Trinidad and Tobago,2019,53.0,40.0,80.0,20.0,40.0,80.0,40.0,40.0,60.0,73.0,60.0,80.0,60.0,20.0,,,52.0
TTO,Trinidad and Tobago,2020,,,,,,,,,,,,,,,,,
TTO,Trinidad and Tobago,2021,,,,,,,,,,,,,,,,,
TTO,Trinidad and Tobago,2022,65.0,60.0,73.0,40.0,72.0,80.0,60.0,73.0,73.0,60.0,80.0,80.0,80.0,80.0,40.0,20.0,65.2
TTO,Trinidad and Tobago,2023,65.0,70.0,80.0,40.0,76.0,80.0,60.0,80.0,80.0,60.0,67.0,80.0,60.0,60.0,40.0,40.0,67.4
TTO,Trinidad and Tobago,2024,66.0,70.0,80.0,40.0,76.0,80.0,60.0,80.0,80.0,73.0,73.0,80.0,60.0,60.0,40.0,40.0,68.6
URY,Uruguay,2010,,,,,,,,,,,,,,,,,
URY,Uruguay,2011,,,,,,,,,,,,,,,,,
URY,Uruguay,2012,,,,,,,,,,,,,,,,,
URY,Uruguay,2013,89.0,100.0,83.0,100.0,94.0,81.0,100.0,100.0,71.0,91.0,100.0,100.0,69.0,62.0,,,90.8
URY,Uruguay,2014,,,,,,,,,,,,,,,,,
URY,Uruguay,2015,83.0,100.0,100.0,95.0,94.0,90.0,100.0,20.0,56.0,91.0,100.0,100.0,69.0,62.0,,,90.2
URY,Uruguay,2016,82.0,100.0,100.0,95.0,89.0,90.0,71.0,40.0,60.0,91.0,100.0,100.0,69.0,62.0,,,91.0
URY,Uruguay,2017,87.0,100.0,100.0,95.0,94.0,100.0,100.0,60.0,56.0,86.0,100.0,100.0,77.0,62.0,,,90.2
URY,Uruguay,2018,85.0,100.0,90.0,80.0,80.0,87.0,90.0,80.0,93.0,80.0,100.0,80.0,60.0,80.0,,,92.6
URY,Uruguay,2019,84.0,93.0,90.0,80.0,80.0,87.0,90.0,80.0,93.0,73.0,100.0,80.0,60.0,80.0,,,91.2
URY,Uruguay,2020,80.0,73.0,50.0,80.0,80.0,87.0,90.0,80.0,87.0,73.0,100.0,100.0,60.0,80.0,,,78.0
URY,Uruguay,2021,65.0,20.0,67.0,80.0,60.0,90.0,60.0,80.0,73.0,73.0,100.0,67.0,80.0,20.0,60.0,40.0,68.0
URY,Uruguay,2022,70.0,70.0,67.0,80.0,64.0,90.0,60.0,80.0,73.0,73.0,100.0,80.0,80.0,40.0,60.0,40.0,78.0
URY,Uruguay,2023,76.0,60.0,67.0,80.0,64.0,90.0,60.0,87.0,93.0,80.0,100.0,80.0,100.0,60.0,60.0,60.0,80.0
URY,Uruguay,2024,76.0,70.0,67.0,80.0,64.0,90.0,70.0,93.0,93.0,80.0,93.0,80.0,80.0,60.0,60.0,60.0,80.6
URY,Uruguay,2025,71.0,70.0,60.0,60.0,64.0,80.0,60.0,80.0,93.0,80.0,80.0,80.0,80.0,60.0,60.0,60.0,70.0
USA,United States of America,2010,87.0,75.0,75.0,96.0,84.0,87.0,100.0,100.0,77.0,93.0,61.0,100.0,92.0,86.0,,,76.8
USA,United States of America,2011,88.0,75.0,100.0,100.0,93.0,80.0,100.0,100.0,50.0,89.0,78.0,92.0,92.0,92.0,,,80.6
USA,United States of America,2012,96.0,100.0,100.0,100.0,100.0,100.0,100.0,100.0,60.0,100.0,100.0,100.0,100.0,93.0,,,92.0
USA,United States of America,2013,96.0,100.0,100.0,100.0,94.0,100.0,100.0,100.0,50.0,100.0,100.0,100.0,100.0,100.0,,,90.0
USA,United States of America,2014,97.0,100.0,100.0,100.0,100.0,100.0,100.0,100.0,60.0,100.0,100.0,100.0,100.0,100.0,,,92.0
USA,United States of America,2015,97.0,100.0,100.0,100.0,100.0,100.0,100.0,100.0,60.0,100.0,100.0,100.0,100.0,100.0,,,92.0
USA,United States of America,2016,96.0,100.0,100.0,100.0,100.0,100.0,100.0,100.0,60.0,100.0,100.0,93.0,100.0,100.0,,,92.0
USA,United States of America,2017,100.0,100.0,100.0,100.0,100.0,100.0,100.0,100.0,100.0,100.0,100.0,100.0,100.0,100.0,,,100.0
USA,United States of America,2018,91.0,100.0,100.0,80.0,100.0,93.0,100.0,60.0,100.0,100.0,100.0,90.0,80.0,80.0,,,96.0
USA,United States of America,2019,92.0,100.0,100.0,80.0,100.0,100.0,100.0,60.0,100.0,100.0,100.0,100.0,80.0,80.0,,,96.0
USA,United States of America,2020,92.0,100.0,100.0,80.0,100.0,100.0,100.0,60.0,100.0,100.0,100.0,100.0,80.0,80.0,,,96.0
USA,United States of America,2021,91.0,80.0,93.0,100.0,92.0,100.0,80.0,100.0,93.0,100.0,87.0,93.0,80.0,100.0,80.0,80.0,90.6
USA,United States of America,2022,91.0,80.0,93.0,100.0,92.0,100.0,80.0,100.0,93.0,100.0,87.0,93.0,80.0,100.0,80.0,80.0,90.6
USA,United States of America,2023,91.0,80.0,93.0,100.0,92.0,100.0,80.0,100.0,93.0,100.0,87.0,93.0,80.0,100.0,80.0,80.0,90.6
USA,United States of America,2024,84.0,70.0,93.0,60.0,92.0,100.0,90.0,100.0,73.0,100.0,53.0,93.0,80.0,100.0,80.0,80.0,69.8
VCT,Saint Vincent and the Grenadines,2010,,,,,,,,,,,,,,,,,
VCT,Saint Vincent and the Grenadines,2011,,,,,,,,,,,,,,,,,
VCT,Saint Vincent and the Grenadines,2012,35.0,,46.0,75.0,60.0,10.0,,,81.0,41.0,100.0,40.0,,,,,75.5
VCT,Saint Vincent and the Grenadines,2013,58.0,50.0,83.0,80.0,89.0,36.0,57.0,60.0,81.0,45.0,100.0,67.0,8.0,,,,78.8
VCT,Saint Vincent and the Grenadines,2014,49.0,75.0,73.0,80.0,66.0,53.0,43.0,20.0,35.0,48.0,100.0,40.0,8.0,,,,72.6
VCT,Saint Vincent and the Grenadines,2015,35.0,67.0,63.0,80.0,66.0,53.0,43.0,80.0,,,,,,,,,70.0
VCT,Saint Vincent and the Grenadines,2016,65.0,100.0,67.0,70.0,94.0,28.0,71.0,80.0,76.0,72.0,100.0,73.0,8.0,,,,82.6
VCT,Saint Vincent and the Grenadines,2017,,,,,,,,,,,,,,,,,
VCT,Saint Vincent and the Grenadines,2018,45.0,40.0,70.0,20.0,80.0,73.0,60.0,80.0,20.0,47.0,20.0,30.0,20.0,20.0,,,34.0
VCT,Saint Vincent and the Grenadines,2019,49.0,33.0,70.0,60.0,80.0,47.0,60.0,60.0,67.0,40.0,40.0,20.0,20.0,40.0,,,54.0
VCT,Saint Vincent and the Grenadines,2020,,,,,,,,,,,,,,,,,
VCT,Saint Vincent and the Grenadines,2021,22.0,20.0,20.0,20.0,36.0,20.0,20.0,20.0,33.0,20.0,20.0,20.0,20.0,20.0,20.0,20.0,22.6
VCT,Saint Vincent and the Grenadines,2022,59.0,30.0,47.0,90.0,76.0,80.0,40.0,100.0,60.0,53.0,80.0,33.0,80.0,40.0,40.0,40.0,61.4
VCT,Saint Vincent and the Grenadines,2023,59.0,30.0,47.0,90.0,76.0,80.0,40.0,80.0,60.0,53.0,80.0,73.0,80.0,40.0,20.0,40.0,61.4
VCT,Saint Vincent and the Grenadines,2024,56.0,20.0,60.0,50.0,56.0,80.0,90.0,93.0,87.0,27.0,73.0,40.0,100.0,20.0,20.0,20.0,58.0
VEN,Venezuela (Bolivarian Republic of),2010,,,,,,,,,,,,,,,,,
VEN,Venezuela (Bolivarian Republic of),2011,46.0,75.0,73.0,55.0,28.0,10.0,57.0,50.0,60.0,,78.0,67.0,42.0,,,,68.2
VEN,Venezuela (Bolivarian Republic of),2012,78.0,25.0,73.0,80.0,94.0,80.0,86.0,80.0,90.0,50.0,100.0,87.0,85.0,86.0,,,73.6
VEN,Venezuela (Bolivarian Republic of),2013,84.0,50.0,90.0,90.0,94.0,80.0,71.0,100.0,86.0,59.0,100.0,87.0,92.0,92.0,,,83.2
VEN,Venezuela (Bolivarian Republic of),2014,87.0,50.0,90.0,100.0,100.0,100.0,71.0,100.0,90.0,59.0,100.0,93.0,92.0,85.0,,,86.0
VEN,Venezuela (Bolivarian Republic of),2015,90.0,100.0,90.0,95.0,100.0,100.0,86.0,100.0,90.0,27.0,100.0,93.0,100.0,85.0,,,95.0
VEN,Venezuela (Bolivarian Republic of),2016,94.0,100.0,90.0,95.0,100.0,100.0,86.0,100.0,90.0,94.0,100.0,87.0,100.0,85.0,,,95.0
VEN,Venezuela (Bolivarian Republic of),2017,94.0,100.0,90.0,95.0,100.0,100.0,86.0,100.0,90.0,94.0,100.0,87.0,100.0,85.0,,,95.0
VEN,Venezuela (Bolivarian Republic of),2018,74.0,73.0,90.0,80.0,80.0,53.0,80.0,80.0,73.0,60.0,80.0,90.0,40.0,80.0,,,79.2
VEN,Venezuela (Bolivarian Republic of),2019,70.0,73.0,90.0,60.0,80.0,67.0,90.0,80.0,53.0,60.0,20.0,100.0,40.0,100.0,,,59.2
VEN,Venezuela (Bolivarian Republic of),2020,74.0,73.0,90.0,80.0,80.0,67.0,90.0,80.0,67.0,60.0,40.0,100.0,40.0,100.0,,,70.0
VEN,Venezuela (Bolivarian Republic of),2021,75.0,30.0,80.0,90.0,100.0,90.0,60.0,80.0,67.0,53.0,67.0,87.0,80.0,80.0,60.0,100.0,66.8
VEN,Venezuela (Bolivarian Republic of),2022,77.0,90.0,80.0,40.0,76.0,80.0,40.0,80.0,87.0,80.0,73.0,93.0,80.0,80.0,80.0,100.0,74.0
VEN,Venezuela (Bolivarian Republic of),2023,46.0,50.0,53.0,20.0,76.0,70.0,30.0,40.0,53.0,40.0,40.0,40.0,60.0,60.0,20.0,40.0,43.2
VEN,Venezuela (Bolivarian Republic of),2024,75.0,80.0,73.0,50.0,84.0,80.0,40.0,87.0,93.0,47.0,73.0,100.0,80.0,80.0,80.0,80.0,73.8
VEN,Venezuela (Bolivarian Republic of),2025,54.0,50.0,67.0,90.0,72.0,80.0,30.0,47.0,73.0,33.0,53.0,40.0,60.0,40.0,40.0,40.0,50.0
